{

"name": "Fen Light - Tom",

"plugin": "plugin.video.fenlight",

"priority": 50,

"is_resolvable": "false",

"play_movie": "plugin://plugin.video.fenlight/?mode=playback.media&media_type=movie&tmdb_id={id}&autoplay=false",

"play_episode": "plugin://plugin.video.fenlight/?mode=playback.media&media_type=episode&season={season}&episode={episode}&tmdb_id={tmdb}&autoplay=false",


"fallback": {
        "play_movie": "scc.json play_movie",
        "play_episode": "scc.json play_episode"
    }
}
