{
	
    "name": "SCC - Tom",
	
    "plugin": "plugin.video.stream-cinema-2-release",
	
    "priority": 100,
	
	"is_resolvable": "false",
	
    "assert": {
		
        "play_movie": [
            "title",
            "year"
        ],
		
        "play_episode": [
            "showname",
            "season",
            "episode"
        ],
		
        "search_movie": [
            "title"
        ],
		
        "search_episode": [
            "showname"
        ]
    },
	
    "play_movie": [
        "plugin://plugin.video.stream-cinema-2-release/get_media/?media_type=%2A&render_type=search&url=%252Fapi%252Fmedia%252Ffilter%252Fv2%252Fsearch%253Fvalue%253D{title_url}%2526order%253Ddesc%2526sort%253Dscore%2526type%253D%25252A%2526size%253D50?",
        {"title": 	"(?i)^(\\[.*\\])?.*{title}.*(\\[.*\\])?$"},
        {"year":	"{year}"}
    ],
	
    "play_episode":	[
        "plugin://plugin.video.stream-cinema-2-release/get_media/?media_type=%2A&render_type=search&url=%252Fapi%252Fmedia%252Ffilter%252Fv2%252Fsearch%253Fvalue%253D{showname_url}%2526order%253Ddesc%2526sort%253Dscore%2526type%253D%25252A%2526size%253D50?",
        {"title": 	"(?i)^(\\[.*\\])?{showname}(\\[.*\\])?$"},
        {"return": 	"true", "season": "{season}", "episode": "{episode}"},
        {"season": 	"{season}"},
        {"season": 	"{season}", "episode": "{episode}"}
    ],
	
    "search_movie": [
        "plugin://plugin.video.stream-cinema-2-release/command/?command=search",
        {"keyboard": "{title}"}
    ],
	
    "search_episode": [
        "plugin://plugin.video.stream-cinema-2-release/command/?command=search",
        {"keyboard": "{showname}"}
    ]
    
}